,Latitud,Longitud
0,41.42565,1.95125
1,10.95227,-74.82175
2,10.9524,-74.78643
3,10.96695,-74.80776
4,5.07258,-75.49061
5,10.98804,-74.78534
6,10.98196,-74.77101
7,10.96841,-74.78327
8,11.00064,-74.79672
9,10.98637,-74.78104
10,10.97501,-74.7779
11,10.9913,-74.80678
12,10.97148,-74.81225
13,10.9764,-74.77743
14,10.99285,-74.81135
15,10.95818,-74.82916
16,10.98913,-74.82178
17,42.25757,3.1023
18,4.8109,-75.67789
19,10.95026,-74.79214
20,10.97902,-74.79671
21,10.95904,-74.82157
22,10.92907,-74.78645
23,10.9764,-74.77743
24,10.9999,-74.80133
25,10.97317,-74.78897
26,10.98883,-74.78049
27,11.01055,-74.81198
28,11.01563,-74.80545
29,10.95428,-74.79662
30,10.96439,-74.82143
31,-10.86825,-37.09378
32,10.93959,-74.81282
33,39.52676,-0.48606
34,10.96084,-74.77717
35,10.97902,-74.79671
36,10.94253,-74.80709
37,10.93753,-74.77503
38,10.9395,-74.80912
39,10.97956,-74.77742
40,10.94406,-74.82764
41,10.83383,-74.76283
42,,
43,10.97533,-74.77527
44,10.93895,-74.8008
45,10.9955,-74.80776
46,10.96416,-74.82263
47,10.94364,-74.80207
48,11.01191,-74.8108
49,11.013,-74.83406
50,10.96488,-74.79674
51,10.99647,-74.81582
52,10.97347,-74.7937
53,10.9791,-74.7847
54,10.99535,-74.80925
55,10.9876,-74.79977
56,10.96561,-74.84264
57,11.00955,-74.83179
58,10.97142,-74.82279
59,10.93569,-74.77582
60,10.94728,-74.79967
61,10.93676,-74.7799
62,11.01523,-74.81792
63,10.94672,-74.77565
64,10.97634,-74.7769
65,10.98543,-74.81113
66,11.01406,-74.81769
67,10.94723,-74.80611
68,10.98162,-74.79686
69,10.97442,-74.83979
70,10.95522,-74.78653
71,10.92907,-74.78645
72,11.01487,-74.79428
73,10.99354,-74.82177
74,11.02297,-74.86973
75,10.99274,-74.78557
76,11.00626,-74.80091
77,10.98196,-74.77101
78,10.93175,-74.78864
79,10.97257,-74.7817
80,10.95883,-74.79148
81,10.99341,-74.8102
82,10.9764,-74.77743
83,10.9465,-74.78472
84,10.98809,-74.77902
85,10.97978,-74.78824
86,10.96688,-74.78389
87,10.98195,-74.83234
88,10.98507,-74.80977
89,11.01406,-74.81769
90,10.97634,-74.7769
91,10.93628,-74.83451
92,10.93835,-74.80019
93,11.03705,-74.81689
94,11.01118,-74.83493
95,10.98767,-74.78966
96,10.95082,-74.77567
97,10.96635,-74.79287
98,10.93636,-74.80288
99,10.95565,-74.80059
100,-10.86825,-37.09378
101,11.00749,-74.79698
102,10.96669,-74.83535
103,10.96442,-74.78617
104,10.9645,-74.79262
105,10.9397,-74.78552
106,10.97082,-74.79845
107,11.00738,-74.82069
108,10.94772,-74.81072
109,10.9878,-74.78721
110,11.01225,-74.82209
111,10.96059,-74.80427
112,10.96583,-74.8016
113,10.96983,-74.78247
114,10.97442,-74.83979
115,10.97426,-74.83621
116,11.00008,-74.80003
117,10.96221,-74.80741
118,10.95856,-74.82362
119,7.89434,-72.53368
120,10.95865,-74.82257
121,10.96073,-74.83957
122,3.53467,-76.27848
123,10.93843,-74.82408
124,11.01457,-74.80407
125,10.9792,-74.83829
126,10.93247,-74.81706
127,11.00566,-74.82159
128,10.94288,-74.76412
129,10.98262,-74.7651
130,11.01474,-74.79645
131,11.00648,-74.78962
132,10.9675,-74.80155
133,10.98294,-74.80223
134,10.95436,-74.81473
135,10.99178,-74.79115
136,10.98041,-74.80688
137,10.93225,-74.782
138,10.94764,-74.77789
139,10.99074,-74.7906
140,11.01551,-74.81134
141,11.00702,-74.81271
142,10.97634,-74.7769
143,-10.86825,-37.09378
144,11.00304,-74.82077
145,10.93636,-74.80288
146,10.96835,-74.83805
147,11.00888,-74.81608
148,11.00044,-74.80817
149,10.98359,-74.77534
150,10.95695,-74.79913
151,10.95161,-74.83444
152,39.52621,-0.49234
153,10.48105,-73.28748
154,10.96872,-74.80798
155,10.93946,-74.78734
156,10.96575,-74.84277
157,11.0053,-74.79907
158,10.96221,-74.80741
159,10.99754,-74.83049
160,10.96425,-74.79626
161,10.97634,-74.7769
162,11.00064,-74.79672
163,10.9687,-74.80733
164,10.9764,-74.77743
165,10.97902,-74.79671
166,11.03911,-74.82661
167,10.95623,-74.82941
168,11.0047,-74.82688
169,11.03167,-74.865
170,10.99712,-74.81545
171,10.83383,-74.76283
172,10.95798,-74.80265
173,10.98618,-74.7919
174,10.98455,-74.81198
175,10.97129,-74.82874
176,-10.86825,-37.09378
177,10.94331,-74.77708
178,10.96221,-74.80741
179,10.9943,-74.80551
180,10.95403,-74.79572
181,10.99847,-74.81465
182,10.99119,-74.79847
183,11.02999,-74.86921
184,10.94609,-74.79609
185,10.93559,-74.79756
186,10.96073,-74.83957
187,10.97902,-74.79671
188,10.97831,-74.83616
189,10.9764,-74.77743
190,11.00232,-74.82107
191,10.93233,-74.78199
192,10.94772,-74.81072
193,10.96456,-74.78375
194,10.95627,-74.78958
195,19.42768,-99.0348
196,10.93231,-74.782
197,10.95328,-74.78035
198,11.00927,-74.81328
199,10.98332,-74.77992
200,10.98533,-74.78883
201,10.96144,-74.79821
202,10.9331,-74.83351
203,10.97058,-74.79674
204,10.94774,-74.83336
205,10.94719,-74.83345
206,10.92907,-74.78645
207,19.13155,-96.12153
208,10.95397,-74.79591
209,11.01191,-74.8108
210,10.96718,-74.79253
211,10.96446,-74.8385
212,10.97763,-74.7856
213,10.94662,-74.8102
214,10.96109,-74.77964
215,10.96718,-74.79253
216,10.99347,-74.82008
217,10.94922,-74.79995
218,10.99611,-74.80886
219,10.99389,-74.803
220,10.93882,-74.80414
221,10.97459,-74.80208
222,10.99983,-74.81386
223,10.96686,-74.80109
224,11.00128,-74.78424
225,10.9518,-74.81081
226,10.98121,-74.79263
227,11.0187,-74.81792
228,10.97646,-74.83067
229,10.97634,-74.7769
230,10.96777,-74.84187
231,10.9606,-74.77486
232,11.01278,-74.81867
233,10.99039,-74.80488
234,10.96598,-74.78989
235,11.01191,-74.8108
236,10.9476,-74.77325
237,10.83387,-74.76337
238,10.96221,-74.80741
239,10.96073,-74.83957
240,10.83387,-74.76337
241,10.97634,-74.7769
242,11.03934,-74.82539
243,10.92907,-74.78645
244,39.52676,-0.48606
245,10.994,-74.81571
246,11.02339,-74.80155
247,10.96695,-74.80776
248,10.9826,-74.83047
249,10.95208,-74.7902
250,10.96803,-74.78622
251,10.93559,-74.79756
252,11.00493,-74.81988
253,10.99649,-74.78852
254,11.03075,-74.86741
255,10.96221,-74.80741
256,11.00894,-74.79088
257,10.93293,-74.80406
258,3.43293,-76.51923
259,10.99537,-74.81215
260,10.97446,-74.78655
261,10.93231,-74.782
262,11.00449,-74.78754
263,11.00255,-74.78974
264,10.95856,-74.82362
265,11.00616,-74.80714
266,10.98196,-74.77101
267,10.99156,-74.78576
268,10.97462,-74.79226
269,10.97687,-74.84657
270,4.67298,-74.04541
271,10.98196,-74.77101
272,10.98215,-74.78272
273,10.98335,-74.80343
274,10.98932,-74.82066
275,10.99475,-74.82681
276,39.52676,-0.48606
277,11.00648,-74.78962
278,10.98417,-74.82387
279,11.01624,-74.82239
280,10.99487,-74.80132
281,10.96939,-74.77435
282,10.94541,-74.82411
283,10.96217,-74.79679
284,4.64851,-74.0877
285,11.01489,-74.81856
286,10.93203,-74.78043
287,10.96766,-74.78654
288,10.97634,-74.7769
289,10.9764,-74.77743
290,10.99255,-74.80656
291,10.96473,-74.78686
292,10.9877,-74.81692
293,10.96335,-74.78345
294,10.97607,-74.81178
295,10.99772,-74.81513
296,11.01733,-74.8191
297,11.00304,-74.82077
298,11.00591,-74.78898
299,10.99487,-74.80132
300,-36.5885,-56.68784
301,10.94662,-74.8102
302,10.97495,-74.82449
303,10.93228,-74.78201
304,11.00591,-74.78898
305,10.9968,-74.81005
306,10.93516,-74.82619
307,10.96073,-74.83957
308,39.52676,-0.48606
309,10.97793,-74.82697
310,10.99657,-74.78934
311,10.95446,-74.81787
312,10.95981,-74.79679
313,36.4777,-5.00585
314,11.01523,-74.81792
315,11.00591,-74.78898
316,10.9791,-74.7847
317,11.01562,-74.82059
318,11.00738,-74.82069
319,10.97851,-74.77604
320,10.93941,-74.82134
321,11.01376,-74.79418
322,10.99761,-74.81799
323,10.98223,-74.81228
324,10.97634,-74.7769
325,10.98417,-74.82387
326,10.96217,-74.78716
327,10.94772,-74.81072
328,10.9798,-74.78698
329,10.92813,-74.79613
330,10.96221,-74.80741
331,6.23256,-75.52903
332,10.97763,-74.78064
333,10.96535,-74.84249
334,11.03934,-74.82539
335,10.97269,-74.81058
336,39.52676,-0.48606
337,20.97403,-89.61046
338,10.97634,-74.7769
339,10.97634,-74.7769
340,10.97824,-74.77943
341,10.98687,-74.82
342,10.98293,-74.78612
343,10.99684,-74.8085
344,10.97634,-74.7769
345,10.93949,-74.82479
346,10.977,-74.80575
347,10.93486,-74.78429
348,21.27991,-89.67768
349,10.96608,-74.8035
350,10.95785,-74.82922
351,11.0224,-74.80788
352,20.96895,-89.56872
353,10.96995,-74.80361
354,10.99006,-74.80798
355,10.99983,-74.81386
356,10.95977,-74.80708
357,11.00044,-74.78852
358,11.03015,-74.86539
359,41.42565,1.95125
360,10.95306,-74.81955
361,10.97595,-74.81063
362,20.9721,-89.6297
363,10.96066,-74.79067
364,10.97277,-74.80226
365,39.60807,-0.56072
366,11.03934,-74.82539
367,10.9594,-74.78611
368,10.96856,-74.84244
369,11.01692,-74.8051
370,10.97645,-74.77756
371,10.98253,-74.79231
372,10.95287,-74.79318
373,11.00648,-74.78962
374,11.02629,-74.80305
375,10.94082,-74.77816
376,10.96546,-74.8333
377,10.99066,-74.77966
378,10.96914,-74.83786
379,10.96219,-74.83956
380,10.98672,-74.78246
381,10.97233,-74.77468
382,10.97634,-74.7769
383,10.95973,-74.78806
384,10.96221,-74.80741
385,10.98853,-74.80152
386,10.84405,-74.77323
387,10.94593,-74.79412
388,10.96221,-74.80741
389,10.98961,-74.79664
390,4.57761,-74.1627
391,10.98127,-74.83809
392,10.96949,-74.7986
393,10.94835,-74.82179
394,4.64851,-74.0877
395,10.97146,-74.83178
396,10.9594,-74.78611
397,10.97597,-74.8054
398,10.98399,-74.82444
399,10.99988,-74.81708
400,9.26379,-74.78063
401,10.9764,-74.77743
402,10.98354,-74.80409
403,10.9764,-74.77743
404,10.96695,-74.80776
405,10.96684,-74.79354
406,10.94772,-74.81072
407,10.94147,-74.79807
408,10.95295,-74.80424
409,10.97687,-74.84657
410,11.00535,-74.78932
411,10.93809,-74.77477
412,10.94397,-74.80628
413,10.99777,-74.82327
414,10.9902,-74.8027
415,11.01223,-74.81359
416,11.01804,-74.81571
417,10.97426,-74.83621
418,10.97634,-74.7769
419,10.98805,-74.8208
420,10.96567,-74.80381
421,10.96822,-74.80026
422,10.96835,-74.83805
423,10.98071,-74.78469
424,4.79967,-75.73967
425,10.93228,-74.78201
426,10.98196,-74.77101
427,10.96007,-74.79924
428,10.98354,-74.77573
429,10.97675,-74.84664
430,10.9606,-74.77486
431,11.01653,-74.85942
432,10.95097,-74.79122
433,10.96221,-74.80741
434,11.01233,-74.79241
435,10.98934,-74.80301
436,10.93501,-74.82333
437,11.01055,-74.81198
438,10.93231,-74.782
439,10.97795,-74.83647
440,11.00002,-74.82192
441,11.01523,-74.81792
442,10.98859,-74.79912
443,10.84717,-74.7823
444,10.94691,-74.83343
445,10.94835,-74.82179
446,11.00792,-74.83413
447,10.9979,-74.796
448,10.94619,-74.80052
449,10.96221,-74.80741
450,10.97634,-74.7769
451,11.02837,-74.80566
452,7.89539,-72.51276
453,10.96856,-74.84244
454,10.93228,-74.78201
455,10.94775,-74.8123
456,10.93968,-74.78276
457,10.94662,-74.8102
458,10.9806,-74.7823
459,10.95056,-74.82169
460,10.93949,-74.82408
461,10.97604,-74.80709
462,11.00875,-74.81398
463,10.97924,-74.77928
464,10.96253,-74.7846
465,10.98416,-74.78376
466,10.97705,-74.83237
467,10.93175,-74.78864
468,10.97492,-74.8077
469,10.97114,-74.78164
470,10.97634,-74.7769
471,10.92907,-74.78645
472,10.99039,-74.80488
473,10.9798,-74.78698
474,10.97634,-74.7769
475,10.96002,-74.78894
476,19.13525,-96.12177
477,10.95517,-74.8053
478,10.98998,-74.81828
479,10.97154,-74.83706
480,10.984,-74.78304
481,11.0168,-74.8258
482,10.93026,-74.80059
483,10.95227,-74.82175
484,10.96576,-74.80647
485,10.96999,-74.80493
486,11.00129,-74.80465
487,10.93626,-74.78068
488,10.93228,-74.78201
489,10.95463,-74.79238
490,10.97086,-74.83167
491,10.93228,-74.78201
492,10.92945,-74.7949
493,11.0081,-74.8222
494,10.96983,-74.78276
495,10.95361,-74.77874
496,10.96959,-74.79524
497,10.96609,-74.80816
498,10.95798,-74.80265
499,19.13525,-96.12177
500,10.98284,-74.79365
501,10.99944,-74.791
502,11.02629,-74.80305
503,10.94901,-74.77725
504,10.94624,-74.79005
505,10.97065,-74.82807
506,10.96135,-74.78508
507,10.96183,-74.8064
508,10.97122,-74.81088
509,10.93834,-74.7989
510,10.93313,-74.80379
511,10.96339,-74.8026
512,10.94118,-74.80747
513,10.97233,-74.77468
514,10.94772,-74.81072
515,10.95746,-74.80219
516,10.96354,-74.77514
517,11.00304,-74.82077
518,11.01751,-74.8214
519,10.92991,-74.79847
520,10.93062,-74.79514
521,10.99571,-74.81629
522,10.97702,-74.83235
523,10.99684,-74.8085
524,4.64851,-74.0877
525,11.01283,-74.81621
526,10.91615,-74.8826
527,4.67298,-74.04541
528,3.87555,-76.99768
529,10.94457,-74.82619
530,11.00648,-74.78962
531,10.96102,-74.82703
532,10.99234,-74.802
533,11.01468,-74.81733
534,10.96546,-74.8333
535,10.95852,-74.77459
536,10.95368,-74.79526
537,11.01188,-74.8237
538,10.96221,-74.80741
539,10.93175,-74.78864
540,10.96113,-74.8402
541,10.97634,-74.7769
542,10.97925,-74.78267
543,-34.91782,-57.92157
544,10.96688,-74.78389
545,39.52676,-0.48606
546,10.99927,-74.80862
547,10.96835,-74.83805
548,10.9876,-74.79977
549,10.99531,-74.81363
550,10.94781,-74.80211
551,10.9436,-74.83637
552,11.00143,-74.82138
553,10.89676,-74.78411
554,39.52676,-0.48606
555,10.99412,-74.78106
556,5.06256,-75.4773
557,10.96974,-74.8387
558,10.93024,-74.79443
559,11.01314,-74.81002
560,11.01908,-74.80452
561,10.95107,-74.77395
562,11.0,-74.82619
563,10.9764,-74.77743
564,10.99389,-74.803
565,10.96712,-74.79638
566,10.9878,-74.78721
567,10.98133,-74.83769
568,10.97634,-74.7769
569,11.03232,-74.86236
570,10.97089,-74.80929
571,11.0053,-74.79907
572,10.9732,-74.79303
573,10.96993,-74.80239
574,10.96113,-74.8402
575,10.9675,-74.80155
576,10.93228,-74.78201
577,10.98485,-74.80084
578,10.97639,-74.83341
579,10.9434,-74.78381
580,10.98722,-74.79162
581,10.9465,-74.78472
582,10.93911,-74.77663
583,10.96182,-74.83967
584,10.93809,-74.77477
585,10.95712,-74.78694
586,10.94987,-74.83397
587,10.98196,-74.77101
588,10.97103,-74.82719
589,10.94049,-74.77487
590,10.96067,-74.79977
591,10.96221,-74.80741
592,10.96207,-74.80684
593,10.97169,-74.83719
594,10.9349,-74.79929
595,10.93317,-74.78128
596,10.96149,-74.79249
597,18.89256,-96.96993
598,10.93979,-74.8003
599,10.93325,-74.8034
600,10.96221,-74.80741
601,10.96038,-74.80674
602,11.00564,-74.83322
603,10.97634,-74.7769
604,10.97257,-74.7817
605,10.95161,-74.83444
606,3.41885,-76.5068
607,10.96956,-74.78994
608,19.13155,-96.12153
609,10.96221,-74.80741
610,10.99601,-74.8089
611,11.02837,-74.80566
612,10.98853,-74.80152
613,10.98729,-74.78824
614,10.98196,-74.77101
615,10.98804,-74.78534
616,10.95944,-74.80651
617,10.95306,-74.81955
618,10.97523,-74.80164
619,10.96221,-74.80741
620,10.98687,-74.82
621,10.97639,-74.83341
622,10.99455,-74.79884
623,10.98443,-74.80343
624,11.00929,-74.82659
625,10.98804,-74.78534
626,10.93231,-74.782
627,10.99399,-74.80548
628,11.01436,-74.83592
629,10.96363,-74.79558
630,10.98188,-74.78135
631,10.96737,-74.83671
632,11.00067,-74.81674
633,10.94728,-74.79608
634,11.00591,-74.78898
635,10.9457,-74.82178
636,10.95938,-74.80497
637,11.0096,-74.80893
638,10.99168,-74.78917
639,11.03232,-74.86236
640,11.00789,-74.79039
641,10.92758,-74.79606
642,11.03934,-74.82539
643,10.96221,-74.80741
644,10.9878,-74.78721
645,10.96094,-74.79119
646,10.96999,-74.80493
647,10.9606,-74.77486
648,11.01397,-74.80962
649,10.93203,-74.78612
650,10.98784,-74.80024
651,10.93985,-74.79146
652,10.96179,-74.79314
653,10.97553,-74.83348
654,10.99199,-74.81901
655,10.91615,-74.8826
656,10.99611,-74.80886
657,10.97634,-74.7769
658,10.9461,-74.7954
659,10.96531,-74.79715
660,10.97848,-74.82583
661,11.01498,-74.80561
662,10.93215,-74.78192
663,10.97634,-74.7769
664,10.94674,-74.79963
665,10.96179,-74.79314
666,10.99156,-74.78576
667,10.96446,-74.8385
668,10.9764,-74.77743
669,11.00591,-74.78898
670,10.98371,-74.80475
671,10.94772,-74.81072
672,10.93738,-74.82795
673,10.97138,-74.80351
674,10.97286,-74.83714
675,10.94539,-74.77619
676,10.99041,-74.8086
677,10.97783,-74.843
678,10.98371,-74.80475
679,11.00129,-74.80465
680,10.9764,-74.77743
681,10.97669,-74.8423
682,10.97424,-74.79752
683,10.94447,-74.77219
684,10.97687,-74.84657
685,10.98324,-74.78733
686,10.97705,-74.83237
687,3.42515,-76.47527
688,11.01468,-74.81733
689,10.93175,-74.78864
690,10.9913,-74.80678
691,10.98661,-74.81621
692,11.00764,-74.79045
693,10.97246,-74.78488
694,10.97993,-74.84393
695,10.96109,-74.77964
696,10.96221,-74.80741
697,11.00304,-74.82077
698,11.02312,-74.81108
699,10.97562,-74.7831
700,10.94608,-74.80352
701,10.93629,-74.81934
702,10.96024,-74.79717
703,10.9943,-74.80977
704,10.93215,-74.78192
705,10.96535,-74.84249
706,10.97523,-74.80164
707,10.99611,-74.80886
708,-34.7562,-58.23106
709,10.93132,-74.81297
710,10.96993,-74.79578
711,10.9518,-74.81081
712,10.97623,-74.80623
713,10.92976,-74.79565
714,11.01024,-74.8112
715,10.98921,-74.79522
716,10.98767,-74.78966
717,10.9769,-74.80863
718,10.96535,-74.84249
719,10.94821,-74.8166
720,10.98076,-74.80454
721,10.94903,-74.78102
722,10.97634,-74.7769
723,10.97597,-74.8054
724,11.00176,-74.82805
725,10.95306,-74.81955
726,10.97456,-74.83634
727,3.53467,-76.27848
728,10.96232,-74.80764
729,10.99234,-74.802
730,10.96346,-74.83114
731,10.99302,-74.79561
732,11.00615,-74.78914
733,10.94579,-74.80999
734,11.01684,-74.81636
735,10.96253,-74.7846
736,10.92907,-74.78645
737,10.9675,-74.80155
738,11.01343,-74.83163
739,10.98583,-74.77706
740,10.96221,-74.80741
741,10.92907,-74.78645
742,10.9943,-74.80977
743,11.01343,-74.83163
744,10.95188,-74.77387
745,10.96695,-74.80776
746,10.97154,-74.83706
747,10.99684,-74.8085
748,10.97634,-74.7769
749,10.957,-74.80178
750,10.98455,-74.78563
751,9.26379,-74.78063
752,10.98974,-74.80194
753,10.9983,-74.80778
754,10.97634,-74.7769
755,11.00445,-74.82865
756,10.9461,-74.7954
757,10.97286,-74.83714
758,10.95938,-74.80497
759,10.97526,-74.80211
760,11.00594,-74.8244
761,10.98099,-74.81066
762,10.96221,-74.80741
763,11.01809,-74.82093
764,11.00752,-74.79003
765,3.54485,-76.29952
766,10.95428,-74.79662
767,10.97908,-74.79612
768,10.96221,-74.80741
769,10.96627,-74.79967
770,11.0034,-74.80855
771,10.9675,-74.80155
772,10.92355,-74.803
773,10.9764,-74.77743
774,11.00729,-74.81599
775,10.97634,-74.7769
776,11.01593,-74.81354
777,20.97403,-89.61046
778,10.96535,-74.84249
779,10.97956,-74.82255
780,3.43245,-76.48201
781,11.01343,-74.83163
782,10.97015,-74.82147
783,10.96446,-74.8385
784,10.96217,-74.78716
785,10.99377,-74.81376
786,39.52676,-0.48606
787,10.97484,-74.8118
788,10.98645,-74.83466
789,10.95502,-74.77906
790,10.99067,-74.78025
791,41.80405,0.87907
792,10.96877,-74.83211
793,10.96932,-74.78553
794,10.99861,-74.8117
795,10.93685,-74.82023
796,19.13525,-96.12177
797,10.9465,-74.78472
798,10.83383,-74.76283
799,10.9769,-74.80863
800,10.9764,-74.77743
801,10.9878,-74.78721
802,11.01562,-74.82059
803,-0.26726,-78.45789
804,6.29815,-75.55483
805,37.85488,-4.84591
806,10.97634,-74.7769
807,10.96167,-74.83163
808,10.98286,-74.83429
809,10.99475,-74.82681
810,10.97286,-74.83714
811,11.01523,-74.81792
812,10.99936,-74.82673
813,10.92907,-74.78645
814,10.96922,-74.83156
815,10.95876,-74.8007
816,10.9765,-74.77764
817,10.99201,-74.78937
818,7.90881,-72.48285
819,11.00875,-74.81398
820,10.9803,-74.81056
821,10.95904,-74.82157
822,10.83383,-74.76283
823,10.9977,-74.82041
824,11.01124,-74.81151
825,10.95461,-74.79741
826,10.97881,-74.84489
827,10.95569,-74.77919
828,10.96686,-74.80109
829,10.9977,-74.82041
830,19.13092,-96.12304
831,10.48105,-73.28748
832,10.9454,-74.79756
833,10.99535,-74.80925
834,10.95509,-74.82363
835,10.96169,-74.78209
836,10.94821,-74.8166
837,10.98479,-74.7926
838,10.97634,-74.7769
839,10.9476,-74.77325
840,11.00619,-74.79237
841,10.97848,-74.82583
842,10.97073,-74.81097
843,10.92649,-74.82113
844,11.00648,-74.78962
845,10.96178,-74.77497
846,10.93486,-74.78429
847,10.97634,-74.7769
848,10.97634,-74.7769
849,10.98121,-74.79263
850,10.93723,-74.78087
851,10.86327,-74.77594
852,11.00648,-74.78962
853,10.98385,-74.77758
854,10.95167,-74.77834
855,10.98196,-74.77101
856,11.02103,-74.81185
857,10.9518,-74.81081
858,11.00729,-74.81599
859,10.99002,-74.80421
860,10.95509,-74.76809
861,10.97154,-74.83706
862,10.96048,-74.82667
863,10.48105,-73.28748
864,10.94772,-74.81072
865,10.95028,-74.79392
866,10.9619,-74.78294
867,10.97528,-74.77852
868,10.95824,-74.82717
869,10.95162,-74.81071
870,10.9674,-74.82439
871,10.97705,-74.83237
872,11.00591,-74.78898
873,10.96221,-74.80741
874,10.97117,-74.79392
875,10.96221,-74.80741
876,10.98298,-74.83262
877,10.9999,-74.80133
878,10.97257,-74.7817
879,10.93676,-74.7799
880,11.02837,-74.80566
881,10.95306,-74.81955
882,6.34381,-75.55852
883,10.9764,-74.77743
884,10.98284,-74.76973
885,10.96225,-74.78388
886,11.0086,-74.81179
887,10.97634,-74.7769
888,11.00437,-74.83239
889,10.94829,-74.8144
890,10.95357,-74.80516
891,11.01602,-74.80699
892,20.98231,-89.61894
893,10.99183,-74.79598
894,10.97283,-74.80342
895,11.00579,-74.82925
896,10.94829,-74.8144
897,11.00875,-74.81398
898,10.94127,-74.79743
899,10.95428,-74.79662
900,11.00386,-74.80681
901,10.93832,-74.80147
902,10.97644,-74.77749
903,10.99611,-74.80886
904,10.95626,-74.81786
905,20.9721,-89.6297
906,10.9556,-74.79602
907,11.03015,-74.86539
908,11.00727,-74.81829
909,10.95436,-74.81473
910,10.94321,-74.82455
911,10.93348,-74.79933
912,10.9881,-74.8222
913,10.97687,-74.84657
914,10.96106,-74.77786
915,10.98676,-74.78317
916,4.75502,-75.89959
917,10.96221,-74.80741
918,10.98134,-74.81785
919,10.96221,-74.80741
920,11.02331,-74.81224
921,10.98611,-74.80729
922,10.99647,-74.81582
923,10.97589,-74.77987
924,10.96872,-74.80912
925,11.00615,-74.78914
926,-10.86825,-37.09378
927,10.98249,-74.78421
928,11.01461,-74.83647
929,10.96686,-74.80109
930,10.9968,-74.81005
931,10.96646,-74.79099
932,10.97138,-74.80351
933,10.94733,-74.82939
934,11.0187,-74.81792
935,11.01103,-74.81094
936,10.95393,-74.774
937,10.98515,-74.788
938,10.96225,-74.78388
939,10.9764,-74.77743
940,10.97984,-74.79145
941,10.96221,-74.80741
942,10.95002,-74.78681
943,11.01103,-74.81094
944,11.01223,-74.81359
945,10.95786,-74.7737
946,10.93231,-74.782
947,10.95827,-74.825
948,10.96719,-74.80686
949,10.94541,-74.82411
950,10.96997,-74.80427
951,10.97956,-74.77742
952,10.98555,-74.82206
953,10.9841,-74.82373
954,10.9878,-74.78721
955,10.48105,-73.28748
956,10.97813,-74.79677
957,32.61292,-115.45929
958,11.01103,-74.81094
959,10.95298,-74.77861
960,10.96609,-74.80816
961,10.95298,-74.77861
962,10.92907,-74.78645
963,10.9632,-74.81435
964,10.97286,-74.83714
965,10.94082,-74.77816
966,10.97181,-74.83815
967,19.12924,-96.12167
968,10.94541,-74.82411
969,10.95751,-74.82225
970,10.93559,-74.79756
971,11.00171,-74.80717
972,10.98258,-74.80341
973,10.95403,-74.79572
974,10.48105,-73.28748
975,10.94123,-74.80081
976,10.94691,-74.83343
977,10.96856,-74.84244
978,5.07003,-75.50239
979,10.94772,-74.81072
980,10.96803,-74.78622
981,11.01024,-74.8112
982,10.97634,-74.7769
983,10.96354,-74.77514
984,10.94669,-74.78734
985,18.92563,-99.18881
986,28.99902,-110.94469
987,10.9465,-74.78472
988,10.99183,-74.79598
989,10.9764,-74.77743
990,10.99684,-74.8085
991,11.01343,-74.83163
992,10.97634,-74.7769
993,11.01821,-74.81561
994,10.9977,-74.82041
995,11.0174,-74.83764
996,11.0174,-74.83764
997,10.97431,-74.80805
998,18.89237,-96.93768
999,3.41885,-76.5068
1000,10.98196,-74.77101
1001,10.96535,-74.84249
1002,10.93175,-74.78864
1003,10.97878,-74.78084
1004,10.97016,-74.78372
1005,10.92894,-74.78694
1006,10.95358,-74.80871
1007,10.96873,-74.79563
1008,11.01283,-74.81621
1009,10.96133,-74.84189
1010,10.97962,-74.80517
1011,10.97902,-74.79671
1012,10.9476,-74.77325
1013,10.94624,-74.79005
1014,10.95806,-74.80412
1015,11.00648,-74.78962
1016,3.41789,-76.4849
1017,10.93228,-74.78201
1018,10.94662,-74.8102
1019,10.96002,-74.78894
1020,10.95403,-74.79572
1021,10.98245,-74.81084
1022,10.94447,-74.77219
1023,10.97702,-74.83235
1024,10.94541,-74.82411
1025,10.97763,-74.78064
1026,11.00008,-74.80003
1027,10.9968,-74.81005
1028,10.98549,-74.78195
1029,11.02028,-74.8229
1030,10.96712,-74.79638
1031,10.93228,-74.78201
1032,10.99712,-74.81545
1033,11.01343,-74.83163
1034,10.96221,-74.80741
1035,11.00389,-74.81273
1036,11.00696,-74.79015
1037,11.01015,-74.81511
1038,11.01638,-74.8248
1039,10.93979,-74.8003
1040,11.00044,-74.80817
1041,10.98486,-74.79285
1042,10.96826,-74.80749
1043,10.97634,-74.7769
1044,10.96221,-74.80741
1045,10.95403,-74.79572
1046,10.95312,-74.7979
1047,10.96354,-74.77514
1048,10.93269,-74.81895
1049,10.99607,-74.79134
1050,10.98229,-74.83764
1051,10.95605,-74.77413
1052,10.95605,-74.77413
1053,11.02264,-74.80809
1054,10.9876,-74.79977
1055,10.93968,-74.78276
1056,10.98141,-74.78654
1057,10.96306,-74.82313
1058,10.96441,-74.80437
1059,11.01343,-74.83163
1060,10.97652,-74.79249
1061,10.93034,-74.80255
1062,10.97962,-74.80517
1063,10.99066,-74.77966
1064,10.94772,-74.81072
1065,10.98703,-74.80061
1066,10.94755,-74.81652
1067,10.96217,-74.78716
1068,11.01103,-74.79444
1069,11.01343,-74.83163
1070,10.97536,-74.80746
1071,10.96598,-74.78989
1072,10.9765,-74.77764
1073,10.94772,-74.81072
1074,-10.86825,-37.09378
1075,10.96046,-74.83953
1076,10.97233,-74.77468
1077,18.92563,-99.18881
1078,10.95305,-74.79386
1079,10.83383,-74.76283
1080,10.94736,-74.82173
1081,10.98448,-74.83046
1082,10.96305,-74.82852
1083,-34.91782,-57.92157
1084,20.97403,-89.61046
1085,10.96071,-74.8073
1086,10.93178,-74.7993
1087,10.93645,-74.78004
1088,11.01343,-74.83163
1089,10.97226,-74.83776
1090,10.9448,-74.81436
1091,10.99923,-74.80437
1092,11.01015,-74.81511
1093,10.96427,-74.82672
1094,10.9913,-74.80678
1095,10.99014,-74.82792
1096,10.96221,-74.80741
1097,10.96221,-74.80741
1098,10.92713,-74.7917
1099,10.98006,-74.8208
1100,11.01733,-74.8191
1101,10.93231,-74.782
1102,10.99547,-74.80698
1103,10.97011,-74.79132
1104,10.95856,-74.82362
1105,7.89018,-72.52732
1106,10.96253,-74.7846
1107,10.9881,-74.8222
1108,10.93233,-74.78199
1109,39.52676,-0.48606
1110,11.0053,-74.79907
1111,10.97103,-74.82719
1112,10.92827,-74.79492
1113,10.94204,-74.79142
1114,10.93528,-74.81726
1115,19.13118,-96.12936
1116,10.98195,-74.83234
1117,10.97022,-74.79434
1118,10.94662,-74.8102
1119,10.93231,-74.782
1120,10.9943,-74.80977
1121,10.97135,-74.76462
1122,10.9765,-74.77764
